iter	Accuracy	Logloss	F1
0	0.8265993266	0.6827108119	0.7405541562
1	0.8316498316	0.6744066057	0.756097561
2	0.8316498316	0.6657909878	0.756097561
3	0.8333333333	0.6571429652	0.7567567568
4	0.8333333333	0.6491291829	0.7567567568
5	0.8316498316	0.6441306541	0.7619047619
6	0.82996633	0.6362433499	0.7612293144
7	0.82996633	0.6288837967	0.7600950119
8	0.82996633	0.6227599649	0.757793765
9	0.82996633	0.6154876631	0.757793765
10	0.82996633	0.6090657137	0.757793765
11	0.82996633	0.6025522912	0.757793765
12	0.8333333333	0.5972409781	0.7637231504
13	0.8333333333	0.5917693921	0.7637231504
14	0.8282828283	0.5852062812	0.7559808612
15	0.835016835	0.5799928889	0.7632850242
16	0.8333333333	0.5747028298	0.7625899281
17	0.8367003367	0.5713737559	0.76849642
18	0.8282828283	0.5661351824	0.7594339623
19	0.8265993266	0.5610475993	0.7553444181
20	0.8265993266	0.5556544495	0.7553444181
21	0.8265993266	0.5512579085	0.7553444181
22	0.8282828283	0.5466217347	0.7571428571
23	0.8265993266	0.5420488598	0.754176611
24	0.8265993266	0.5381682693	0.754176611
25	0.8282828283	0.5340833719	0.7559808612
26	0.8265993266	0.5313389023	0.754176611
27	0.82996633	0.5290134566	0.7600950119
28	0.8282828283	0.5259182955	0.7582938389
29	0.82996633	0.5217599869	0.7600950119
30	0.82996633	0.5185484254	0.7600950119
31	0.82996633	0.5151767486	0.7600950119
32	0.8316498316	0.5124805975	0.7630331754
33	0.82996633	0.5106645886	0.7612293144
34	0.8316498316	0.5072810998	0.7630331754
35	0.82996633	0.5038380461	0.7600950119
36	0.82996633	0.5006652538	0.7600950119
37	0.82996633	0.4990975521	0.7612293144
38	0.82996633	0.4963946104	0.7612293144
39	0.8282828283	0.4937704514	0.7594339623
40	0.8282828283	0.4916309836	0.7594339623
41	0.8282828283	0.4892416381	0.7594339623
42	0.8265993266	0.4874274316	0.7576470588
43	0.82996633	0.4868944527	0.7612293144
44	0.8282828283	0.4838767504	0.7582938389
45	0.8282828283	0.4817803197	0.7582938389
46	0.8282828283	0.4797137145	0.7582938389
47	0.82996633	0.4775883482	0.7600950119
48	0.8282828283	0.4748328087	0.7571428571
49	0.82996633	0.4723503482	0.7589498807
50	0.82996633	0.4705860138	0.7589498807
51	0.82996633	0.4689300683	0.7600950119
52	0.82996633	0.4669903222	0.7600950119
53	0.82996633	0.4648377559	0.7589498807
54	0.8282828283	0.4642041312	0.7559808612
55	0.8265993266	0.4620607684	0.7529976019
56	0.8265993266	0.4603587777	0.7529976019
57	0.8282828283	0.4582147294	0.7559808612
58	0.8265993266	0.4576889308	0.7529976019
59	0.8265993266	0.4569613359	0.7529976019
60	0.8282828283	0.4550219733	0.7548076923
61	0.8265993266	0.4541029217	0.7529976019
62	0.8282828283	0.4535103042	0.7548076923
63	0.8282828283	0.452037142	0.7548076923
64	0.8282828283	0.4504479832	0.7548076923
65	0.8282828283	0.4488244727	0.7548076923
66	0.8282828283	0.4481841916	0.7548076923
67	0.8282828283	0.4467615769	0.7548076923
68	0.8265993266	0.4460424342	0.7529976019
69	0.8265993266	0.445789767	0.7529976019
70	0.8282828283	0.4454222102	0.7548076923
71	0.8282828283	0.4448557877	0.7548076923
72	0.8282828283	0.4446996551	0.7548076923
73	0.8282828283	0.4438371555	0.7548076923
74	0.8282828283	0.4430786794	0.7548076923
75	0.8282828283	0.4425638927	0.7548076923
76	0.8282828283	0.4417597061	0.7548076923
77	0.8282828283	0.4409621936	0.7548076923
78	0.8282828283	0.4407232463	0.7548076923
79	0.8282828283	0.4399970576	0.7548076923
80	0.82996633	0.4393926677	0.756626506
81	0.8282828283	0.4381731833	0.7548076923
82	0.8282828283	0.4374068782	0.7548076923
83	0.82996633	0.4365205136	0.756626506
84	0.82996633	0.4356701088	0.756626506
85	0.8282828283	0.4341000034	0.7548076923
86	0.8282828283	0.4331820759	0.7548076923
87	0.8282828283	0.4326999012	0.7548076923
88	0.8333333333	0.4320578006	0.7602905569
89	0.82996633	0.4312263492	0.756626506
90	0.8333333333	0.4305959029	0.7602905569
91	0.8333333333	0.430411493	0.7602905569
92	0.8333333333	0.4298838818	0.7602905569
93	0.8333333333	0.4288437041	0.7602905569
94	0.8333333333	0.4284818832	0.7602905569
95	0.82996633	0.4269901219	0.756626506
96	0.82996633	0.4263819885	0.756626506
97	0.82996633	0.4257095198	0.756626506
98	0.835016835	0.4248062555	0.7621359223
99	0.835016835	0.4243441123	0.7621359223
100	0.835016835	0.4234688381	0.7621359223
101	0.835016835	0.422748779	0.7621359223
102	0.835016835	0.4225209055	0.7621359223
103	0.835016835	0.4218097496	0.7621359223
104	0.835016835	0.4209044252	0.7621359223
105	0.835016835	0.4203331069	0.7621359223
106	0.835016835	0.4195414183	0.7621359223
107	0.8316498316	0.4182272098	0.7584541063
108	0.835016835	0.4178133779	0.7621359223
109	0.835016835	0.4176276216	0.7621359223
110	0.835016835	0.4164263438	0.7621359223
111	0.835016835	0.4163123019	0.7621359223
112	0.835016835	0.4154476595	0.7621359223
113	0.8367003367	0.4149081165	0.7651331719
114	0.8367003367	0.4146103625	0.7651331719
115	0.8367003367	0.4145388183	0.7651331719
116	0.8367003367	0.4144029792	0.7651331719
117	0.8367003367	0.4141028523	0.7651331719
118	0.835016835	0.4138406081	0.7621359223
119	0.8367003367	0.4133933415	0.7651331719
120	0.8367003367	0.4126518392	0.7651331719
121	0.8383838384	0.412390543	0.768115942
122	0.8383838384	0.4116301768	0.768115942
123	0.8383838384	0.4115088719	0.768115942
124	0.8383838384	0.411309033	0.768115942
125	0.8383838384	0.410851066	0.768115942
126	0.8400673401	0.4099725907	0.7699757869
127	0.8400673401	0.4087337717	0.7699757869
128	0.8400673401	0.4080180877	0.7699757869
129	0.8400673401	0.4078639527	0.7699757869
130	0.8383838384	0.4076468368	0.768115942
131	0.8400673401	0.4073897524	0.7699757869
132	0.8400673401	0.4070925364	0.7699757869
133	0.8400673401	0.4068825476	0.7699757869
134	0.8400673401	0.4067538284	0.7699757869
135	0.8400673401	0.4064818746	0.7699757869
136	0.8400673401	0.4060163954	0.7699757869
137	0.8417508418	0.4056936363	0.7718446602
138	0.8400673401	0.4054906873	0.7699757869
139	0.8417508418	0.405048158	0.7718446602
140	0.8417508418	0.4047719658	0.7718446602
141	0.8400673401	0.4047418407	0.7699757869
142	0.8417508418	0.4041674322	0.7718446602
143	0.8417508418	0.4039794714	0.7718446602
144	0.8417508418	0.4035993145	0.7718446602
145	0.8417508418	0.4031044317	0.7718446602
146	0.8400673401	0.4021201805	0.7688564477
147	0.8400673401	0.401671027	0.7688564477
148	0.8417508418	0.4013969888	0.7707317073
149	0.8400673401	0.4012207986	0.7688564477
150	0.8400673401	0.3996253925	0.7699757869
151	0.8400673401	0.3993056605	0.7699757869
152	0.8417508418	0.398851194	0.7729468599
153	0.8417508418	0.3986536402	0.7729468599
154	0.8417508418	0.3984474717	0.7729468599
155	0.8417508418	0.3979429436	0.7729468599
156	0.8434343434	0.3975322972	0.7748184019
157	0.8434343434	0.3974534127	0.7748184019
158	0.8417508418	0.3971010399	0.7729468599
159	0.8417508418	0.3969141719	0.7729468599
160	0.8434343434	0.3962049632	0.7748184019
161	0.8434343434	0.396138167	0.7748184019
162	0.8434343434	0.3960766165	0.7748184019
163	0.8451178451	0.3957978521	0.7766990291
164	0.8434343434	0.3957270082	0.7737226277
165	0.8434343434	0.395594589	0.7737226277
166	0.8451178451	0.3954581646	0.7766990291
167	0.8451178451	0.3953975268	0.7766990291
168	0.8451178451	0.3951156277	0.7766990291
169	0.8451178451	0.3947520612	0.7766990291
170	0.8451178451	0.3942468091	0.7766990291
171	0.8451178451	0.3939759774	0.7766990291
172	0.8451178451	0.3936982969	0.7766990291
173	0.8451178451	0.3935623322	0.7766990291
174	0.8451178451	0.3932489518	0.7766990291
175	0.8468013468	0.3927158978	0.7785888078
176	0.8468013468	0.3926154372	0.7785888078
177	0.8468013468	0.3917478309	0.7785888078
178	0.8468013468	0.3914643975	0.7785888078
179	0.8468013468	0.3913188451	0.7785888078
180	0.8468013468	0.391061389	0.7785888078
181	0.8468013468	0.3907496639	0.7785888078
182	0.8468013468	0.3901852473	0.7785888078
183	0.8468013468	0.3900139632	0.7785888078
184	0.8468013468	0.3899469977	0.7785888078
185	0.8468013468	0.3897428055	0.7785888078
186	0.8484848485	0.3895370645	0.7815533981
187	0.8484848485	0.3891302645	0.7815533981
188	0.8484848485	0.3889158159	0.7815533981
189	0.8484848485	0.3885347726	0.7815533981
190	0.8484848485	0.3881454939	0.7815533981
191	0.8468013468	0.3878021581	0.7796610169
192	0.8468013468	0.3876130715	0.7807228916
193	0.8468013468	0.3874634564	0.7807228916
194	0.8501683502	0.3868184077	0.7855421687
195	0.8501683502	0.3867300749	0.7855421687
196	0.8484848485	0.3865549774	0.7826086957
197	0.8501683502	0.3864819846	0.784503632
198	0.8468013468	0.3861953977	0.7807228916
199	0.8468013468	0.3861217263	0.7807228916
200	0.8484848485	0.3860259298	0.7836538462
201	0.8501683502	0.3857184866	0.7855421687
202	0.8484848485	0.3854112358	0.7836538462
203	0.8484848485	0.3853013969	0.7836538462
204	0.8484848485	0.385184453	0.7836538462
205	0.8484848485	0.3850333905	0.7836538462
206	0.8501683502	0.3845365131	0.7855421687
207	0.8501683502	0.3844688072	0.7855421687
208	0.8501683502	0.3842175016	0.7855421687
209	0.8501683502	0.3840553622	0.7855421687
210	0.8501683502	0.3837553652	0.7855421687
211	0.8501683502	0.383602121	0.7855421687
212	0.8484848485	0.3833046942	0.7836538462
213	0.8518518519	0.3828256426	0.7884615385
214	0.8518518519	0.3819682085	0.7894736842
215	0.8535353535	0.3818641496	0.7913669065
216	0.8535353535	0.3817673973	0.7913669065
217	0.8535353535	0.3816733139	0.7913669065
218	0.8535353535	0.3813599915	0.7913669065
219	0.8535353535	0.3813442416	0.7913669065
220	0.8518518519	0.3808061437	0.7894736842
221	0.8518518519	0.3802590906	0.7894736842
222	0.8501683502	0.3798401511	0.7865707434
223	0.8501683502	0.3797222863	0.7865707434
224	0.8501683502	0.3796854627	0.7865707434
225	0.8518518519	0.3793301948	0.7884615385
226	0.8518518519	0.3791659948	0.7884615385
227	0.8518518519	0.3791286759	0.7884615385
228	0.8518518519	0.3790576337	0.7884615385
229	0.8518518519	0.3789668531	0.7884615385
230	0.8518518519	0.3788712599	0.7884615385
231	0.8501683502	0.3783428614	0.7865707434
232	0.8501683502	0.378159392	0.7865707434
233	0.8501683502	0.3780945367	0.7865707434
234	0.8501683502	0.3780252642	0.7865707434
235	0.8501683502	0.3777207169	0.7865707434
236	0.8518518519	0.3774637802	0.7884615385
237	0.8518518519	0.3774210642	0.7884615385
238	0.8518518519	0.377378537	0.7884615385
239	0.8518518519	0.3773715386	0.7884615385
240	0.8518518519	0.3772822232	0.7884615385
241	0.8518518519	0.3769208536	0.7884615385
242	0.8518518519	0.3766944573	0.7884615385
243	0.8518518519	0.3766599603	0.7884615385
244	0.8518518519	0.3766283105	0.7884615385
245	0.8518518519	0.3766120657	0.7884615385
246	0.8518518519	0.376534465	0.7884615385
247	0.8501683502	0.37634988	0.7865707434
248	0.8501683502	0.3761769158	0.7865707434
249	0.8501683502	0.3759640048	0.7865707434
250	0.8501683502	0.3758336689	0.7865707434
251	0.8501683502	0.3757186638	0.7865707434
252	0.8501683502	0.3754203246	0.7865707434
253	0.8501683502	0.3752883305	0.7865707434
254	0.8501683502	0.3751836806	0.7865707434
255	0.8501683502	0.3751806626	0.7865707434
256	0.8501683502	0.3750287479	0.7865707434
257	0.8501683502	0.3749782767	0.7865707434
258	0.8501683502	0.3748371176	0.7865707434
259	0.8501683502	0.3747296037	0.7865707434
260	0.8501683502	0.3747074949	0.7865707434
261	0.8501683502	0.3746142993	0.7865707434
262	0.8501683502	0.3746038196	0.7865707434
263	0.8501683502	0.3745380498	0.7865707434
264	0.8501683502	0.3745310654	0.7865707434
265	0.8518518519	0.3742623777	0.7894736842
266	0.8535353535	0.3740596283	0.7923627685
267	0.8535353535	0.3739946601	0.7923627685
268	0.8535353535	0.3739315893	0.7923627685
269	0.8535353535	0.3738847906	0.7923627685
270	0.8535353535	0.3737110553	0.7923627685
271	0.8535353535	0.3736978771	0.7923627685
272	0.8535353535	0.3736978495	0.7923627685
273	0.8535353535	0.373637343	0.7923627685
274	0.8535353535	0.3735324077	0.7923627685
275	0.8535353535	0.3733912068	0.7923627685
276	0.8535353535	0.3729929069	0.7923627685
277	0.8535353535	0.3729802417	0.7923627685
278	0.8535353535	0.372829141	0.7923627685
279	0.8535353535	0.372626777	0.7923627685
280	0.8535353535	0.3724278661	0.7923627685
281	0.8535353535	0.3722045441	0.7923627685
282	0.8535353535	0.372085958	0.7923627685
283	0.8535353535	0.3720137374	0.7923627685
284	0.8535353535	0.371878296	0.7923627685
285	0.8535353535	0.3715528208	0.7923627685
286	0.8535353535	0.371366724	0.7923627685
287	0.8535353535	0.371289555	0.7923627685
288	0.8535353535	0.3712620748	0.7923627685
289	0.8535353535	0.3712090622	0.7923627685
290	0.8535353535	0.371108247	0.7923627685
291	0.8535353535	0.3710367594	0.7923627685
292	0.8535353535	0.3710202687	0.7923627685
293	0.8535353535	0.3707890734	0.7923627685
294	0.8535353535	0.3707047614	0.7923627685
295	0.8535353535	0.3706237243	0.7923627685
296	0.8535353535	0.3705989076	0.7923627685
297	0.8535353535	0.3705748908	0.7923627685
298	0.8535353535	0.3705649394	0.7923627685
299	0.8535353535	0.370427264	0.7923627685
300	0.8535353535	0.3704100741	0.7923627685
301	0.8569023569	0.3700687507	0.7980997625
302	0.8569023569	0.3700459955	0.7980997625
303	0.8569023569	0.3698922471	0.7980997625
304	0.8569023569	0.3697134469	0.7980997625
305	0.8569023569	0.3696349364	0.7980997625
306	0.8569023569	0.3695665709	0.7980997625
307	0.8569023569	0.369451356	0.7980997625
308	0.8569023569	0.3694180511	0.7980997625
309	0.8569023569	0.3693014377	0.7980997625
310	0.8569023569	0.369267334	0.7980997625
311	0.8569023569	0.3691381112	0.7980997625
312	0.8569023569	0.3690293464	0.7980997625
313	0.8569023569	0.3689699077	0.7980997625
314	0.8569023569	0.3687633724	0.7980997625
315	0.8569023569	0.3684688657	0.7980997625
316	0.8569023569	0.3684131597	0.7980997625
317	0.8569023569	0.3682256388	0.7980997625
318	0.8569023569	0.3680476	0.7980997625
319	0.8569023569	0.3680473292	0.7980997625
320	0.8569023569	0.3680018474	0.7980997625
321	0.8569023569	0.3671752209	0.7980997625
322	0.8569023569	0.3671736852	0.7980997625
323	0.8569023569	0.3670003369	0.7980997625
324	0.8569023569	0.3666306889	0.7980997625
325	0.8569023569	0.3665565591	0.7980997625
326	0.8569023569	0.3665029192	0.7980997625
327	0.8569023569	0.3664772334	0.7980997625
328	0.8569023569	0.3663756372	0.7980997625
329	0.8569023569	0.3662743763	0.7980997625
330	0.8569023569	0.3661181181	0.7980997625
331	0.8569023569	0.3658630304	0.7980997625
332	0.8569023569	0.3658609905	0.7980997625
333	0.8569023569	0.3654480271	0.7980997625
334	0.8569023569	0.3651640246	0.7980997625
335	0.8569023569	0.3648549601	0.7980997625
336	0.8569023569	0.3647512094	0.7980997625
337	0.8569023569	0.3647099538	0.7980997625
338	0.8569023569	0.3646988238	0.7980997625
339	0.8569023569	0.3646915497	0.7980997625
340	0.8569023569	0.3645382657	0.7980997625
341	0.8569023569	0.3641434009	0.7980997625
342	0.8569023569	0.3641278176	0.7980997625
343	0.8569023569	0.3640931917	0.7980997625
344	0.8569023569	0.3640871993	0.7980997625
345	0.8569023569	0.3638977101	0.7980997625
346	0.8569023569	0.3637444833	0.7980997625
347	0.8569023569	0.3637444815	0.7980997625
348	0.8569023569	0.3636945715	0.7980997625
349	0.8569023569	0.3636578089	0.7980997625
350	0.8569023569	0.3636518738	0.7980997625
351	0.8569023569	0.3635860449	0.7980997625
352	0.8569023569	0.3633123053	0.7980997625
353	0.8569023569	0.3630733298	0.7980997625
354	0.8569023569	0.3630714997	0.7980997625
355	0.8569023569	0.3630461086	0.7980997625
356	0.8569023569	0.3630265559	0.7980997625
357	0.8569023569	0.3629926186	0.7980997625
358	0.8569023569	0.362723752	0.7980997625
359	0.8569023569	0.3623477912	0.7980997625
360	0.8569023569	0.3622037887	0.7980997625
361	0.8569023569	0.3621585669	0.7980997625
362	0.8569023569	0.3619016684	0.7980997625
363	0.8569023569	0.3618511373	0.7980997625
364	0.8569023569	0.3618398991	0.7980997625
365	0.8569023569	0.3617398799	0.7980997625
366	0.8569023569	0.361729544	0.7980997625
367	0.8569023569	0.3609971992	0.7980997625
368	0.8569023569	0.3609677193	0.7980997625
369	0.8569023569	0.3609308494	0.7980997625
370	0.8569023569	0.3606691389	0.7980997625
371	0.8569023569	0.3606537443	0.7980997625
372	0.8569023569	0.3605881026	0.7980997625
373	0.8569023569	0.3604570627	0.7980997625
374	0.8569023569	0.36042349	0.7980997625
375	0.8569023569	0.3603808678	0.7980997625
376	0.8569023569	0.3602057504	0.7980997625
377	0.8569023569	0.3601654332	0.7980997625
378	0.8569023569	0.3599886564	0.7980997625
379	0.8569023569	0.3598323217	0.7980997625
380	0.8569023569	0.3598266967	0.7980997625
381	0.8569023569	0.3597807335	0.7980997625
382	0.8569023569	0.3596743689	0.7980997625
383	0.8569023569	0.3596688516	0.7980997625
384	0.8569023569	0.3596161311	0.7980997625
385	0.8569023569	0.3595512572	0.7980997625
386	0.8569023569	0.3591824012	0.7980387	0.8387	0.8569023569	0.35907611388	0.8552188552388	0.8569023569	0389	0.8552188552	0.372939389	0.856390	0.8552188552	0.3729323295	0.8
391	0.8552188552	0.3729240784	0.8
392	0.8569023569	0.3726103399	0.8036951501
393	0.8569023569	0.3725911847	0.8036951501
394	0.8569023569	0.372581168	0.8036951501
395	0.8569023569	0.3725477917	0.8036951501
396	0.8569023569	0.3723999274	0.8036951501
397	0.8569023569	0.3722574274	0.8027842227
398	0.8569023569	0.3721856654	0.8027842227
399	0.8569023569	0.3721856654	0.8027842227
400	0.8569023569	0.3721606242	0.8027842227
401	0.8569023569	0.3721432042	0.8027842227
402	0.8569023569	0.3720295655	0.8027842227
403	0.8569023569	0.371988279	0.8027842227
404	0.8585858586	0.3716991135	0.8046511628
405	0.8585858586	0.3715470126	0.8046511628
406	0.8585858586	0.3715396259	0.8046511628
407	0.8602693603	0.3711615516	0.807424594
408	0.8602693603	0.3711398516	0.807424594
409	0.8602693603	0.3710694413	0.807424594
410	0.8602693603	0.3710428628	0.807424594
411	0.8602693603	0.3710046395	0.807424594
412	0.8602693603	0.3709878799	0.807424594
413	0.8602693603	0.3709742385	0.807424594
414	0.8602693603	0.3708954494	0.807424594
415	0.8602693603	0.3708906575	0.807424594
416	0.8602693603	0.3708901563	0.807424594
417	0.8602693603	0.3708563689	0.807424594
418	0.8585858586	0.3707660504	0.8055555556
419	0.8585858586	0.3705576217	0.8055555556
420	0.8602693603	0.3702170948	0.8083140878
421	0.8602693603	0.3702060283	0.8083140878
422	0.861952862	0.3700908258	0.8101851852
423	0.861952862	0.3699291969	0.8101851852
424	0.861952862	0.3698513278	0.8101851852
425	0.861952862	0.3698452984	0.8101851852
426	0.861952862	0.3697979097	0.8101851852
427	0.861952862	0.3696887586	0.8101851852
428	0.861952862	0.3696351697	0.8101851852
429	0.861952862	0.3695919984	0.8101851852
430	0.8636363636	0.3686667608	0.8120649652
431	0.8636363636	0.3686093619	0.8120649652
432	0.8636363636	0.3685970598	0.8120649652
433	0.8653198653	0.3684097541	0.8139534884
434	0.8653198653	0.3681742917	0.8139534884
435	0.8653198653	0.3679911914	0.8139534884
436	0.8636363636	0.3678122116	0.8120649652
437	0.861952862	0.3677841149	0.8101851852
438	0.861952862	0.3676695834	0.8101851852
439	0.861952862	0.367561439	0.8101851852
440	0.8602693603	0.3674972475	0.8083140878
441	0.8602693603	0.3674972474	0.8083140878
442	0.8602693603	0.3673994332	0.8083140878
443	0.8602693603	0.3664037638	0.8083140878
444	0.8602693603	0.3663959911	0.8083140878
445	0.8602693603	0.3663912747	0.8083140878
446	0.8602693603	0.3663664773	0.8083140878
447	0.8602693603	0.3660824827	0.8083140878
448	0.8602693603	0.3658595853	0.807424594
449	0.8602693603	0.3657464395	0.807424594
450	0.8602693603	0.3654847567	0.8065268065
451	0.8602693603	0.3654436742	0.8065268065
452	0.8636363636	0.3652809211	0.8111888112
453	0.861952862	0.365136322	0.8093023256
454	0.861952862	0.3651066992	0.8093023256
455	0.861952862	0.3650657395	0.8093023256
456	0.861952862	0.3648933128	0.8093023256
457	0.8602693603	0.3648317091	0.8065268065
458	0.861952862	0.3647150376	0.808411215
459	0.8636363636	0.3645574267	0.8111888112
460	0.8636363636	0.3645544336	0.8111888112
461	0.8636363636	0.3645265584	0.8111888112
462	0.8636363636	0.3643195012	0.8111888112
463	0.861952862	0.3642043053	0.8093023256
464	0.861952862	0.364116962	0.8093023256
465	0.861952862	0.3641155613	0.8093023256
466	0.8636363636	0.3638779496	0.8111888112
467	0.8636363636	0.3638182963	0.8111888112
468	0.8636363636	0.3636807911	0.8111888112
469	0.8653198653	0.3636763713	0.8130841121
470	0.8653198653	0.363660576	0.8130841121
471	0.8636363636	0.3635777461	0.8111888112
472	0.8636363636	0.3635681503	0.8111888112
473	0.8636363636	0.3635623934	0.8111888112
474	0.8636363636	0.3633957402	0.8111888112
475	0.8636363636	0.3633229752	0.8111888112
476	0.8636363636	0.3633153368	0.8111888112
477	0.8653198653	0.3630559393	0.8139534884
478	0.8653198653	0.362887656	0.8139534884
479	0.8653198653	0.3626150097	0.8139534884
480	0.8653198653	0.3625806856	0.8139534884
481	0.861952862	0.3622167817	0.8093023256
482	0.861952862	0.3621258517	0.8093023256
483	0.8653198653	0.3620244784	0.8139534884
484	0.8653198653	0.3620014637	0.8139534884
485	0.8653198653	0.3618862375	0.8139534884
486	0.8653198653	0.3618657186	0.8139534884
487	0.8653198653	0.3618622376	0.8139534884
488	0.861952862	0.3617129737	0.8101851852
489	0.8653198653	0.3612525467	0.8139534884
490	0.8636363636	0.3609816115	0.8120649652
491	0.8636363636	0.3608895441	0.8120649652
492	0.8636363636	0.3605084072	0.8120649652
493	0.8636363636	0.3603566392	0.8120649652
494	0.8636363636	0.3603044731	0.8120649652
495	0.8636363636	0.360235467	0.8120649652
496	0.8636363636	0.3601960755	0.8120649652
497	0.8636363636	0.3600577139	0.8120649652
498	0.8636363636	0.3598582016	0.8120649652
499	0.8636363636	0.3593676439	0.8120649652
500	0.861952862	0.359133994	0.8101851852
501	0.8636363636	0.359050604	0.8120649652
502	0.861952862	0.3587320238	0.8101851852
503	0.861952862	0.3584991871	0.8101851852
504	0.861952862	0.3584643978	0.8101851852
505	0.861952862	0.3584517115	0.8101851852
506	0.861952862	0.3583132319	0.8101851852
507	0.861952862	0.3580939592	0.8101851852
508	0.861952862	0.3579064215	0.8101851852
509	0.861952862	0.3578327906	0.8101851852
510	0.861952862	0.3574723762	0.8101851852
511	0.861952862	0.3573099774	0.8101851852
512	0.861952862	0.357194202	0.8101851852
513	0.861952862	0.3570972745	0.8101851852
514	0.861952862	0.3569882439	0.8101851852
515	0.861952862	0.356905298	0.8101851852
516	0.861952862	0.3566046198	0.8101851852
517	0.861952862	0.3558379381	0.8101851852
518	0.8636363636	0.3555926349	0.8120649652
519	0.861952862	0.3554358751	0.8101851852
520	0.8636363636	0.3553247678	0.8120649652
521	0.8636363636	0.3552773793	0.8120649652
522	0.861952862	0.3549914273	0.8101851852
523	0.861952862	0.3549157186	0.8101851852
524	0.867003367	0.3542595773	0.8183908046
525	0.867003367	0.3536536219	0.8183908046
526	0.867003367	0.3533270619	0.8183908046
527	0.867003367	0.3532272166	0.8183908046
528	0.8703703704	0.3528230699	0.8229885057
529	0.8686868687	0.3527363124	0.8211009174
530	0.8686868687	0.3526193907	0.8211009174
531	0.8686868687	0.3522455801	0.8202764977
532	0.8686868687	0.3519742872	0.8202764977
533	0.8686868687	0.3519284418	0.8202764977
534	0.8703703704	0.3517231604	0.8229885057
535	0.8686868687	0.3515537628	0.8202764977
536	0.8703703704	0.351431012	0.8229885057
537	0.8703703704	0.3513970472	0.8229885057
538	0.8686868687	0.3508294712	0.8202764977
539	0.8686868687	0.3506967839	0.8202764977
540	0.867003367	0.3506297511	0.8183908046
541	0.867003367	0.3502927443	0.8183908046
542	0.867003367	0.3500118608	0.8183908046
543	0.867003367	0.3498544222	0.8183908046
544	0.867003367	0.349670536	0.8183908046
545	0.867003367	0.3496654808	0.8183908046
546	0.867003367	0.349590263	0.8183908046
547	0.867003367	0.3493235894	0.8183908046
548	0.867003367	0.3492287663	0.8183908046
549	0.867003367	0.3491738733	0.8183908046
550	0.867003367	0.3491468825	0.8183908046
551	0.867003367	0.3489513384	0.8183908046
552	0.867003367	0.3486487505	0.8183908046
553	0.867003367	0.3482383903	0.8183908046
554	0.8703703704	0.3478160828	0.823798627
555	0.8703703704	0.3473834801	0.823798627
556	0.8703703704	0.3471115203	0.823798627
557	0.8703703704	0.3467149901	0.823798627
558	0.8703703704	0.3466005227	0.823798627
559	0.8703703704	0.3464336711	0.823798627
560	0.8703703704	0.3462967379	0.823798627
561	0.8703703704	0.3462596411	0.823798627
562	0.8720538721	0.345793238	0.8264840183
563	0.8720538721	0.3451503547	0.8264840183
564	0.8720538721	0.344895573	0.8264840183
565	0.8720538721	0.3447164458	0.8264840183
566	0.8703703704	0.3444249006	0.823798627
567	0.8720538721	0.3441324715	0.8264840183
568	0.8720538721	0.3441324489	0.8264840183
569	0.8720538721	0.3440675263	0.8264840183
570	0.8720538721	0.3435652185	0.8264840183
571	0.8737373737	0.3429166351	0.8291571754
572	0.8720538721	0.3427510984	0.8264840183
573	0.8720538721	0.3426025832	0.8264840183
574	0.8720538721	0.3426025693	0.8264840183
575	0.8720538721	0.3425336912	0.8264840183
576	0.8720538721	0.3422976528	0.8264840183
577	0.8720538721	0.3421253139	0.8264840183
578	0.8720538721	0.3420501099	0.8264840183
579	0.8720538721	0.3420412269	0.8264840183
580	0.8737373737	0.341902319	0.828375286
581	0.8754208754	0.341813952	0.8310502283
582	0.8754208754	0.3414281523	0.8310502283
583	0.8754208754	0.3410660898	0.8310502283
584	0.8754208754	0.3409370222	0.8310502283
585	0.8754208754	0.3408184173	0.8310502283
586	0.8754208754	0.3406563745	0.8310502283
587	0.8754208754	0.3403074255	0.8310502283
588	0.8754208754	0.3401698534	0.8310502283
589	0.8754208754	0.3400810566	0.8310502283
590	0.8754208754	0.3400544655	0.8310502283
591	0.8754208754	0.3397100478	0.8310502283
592	0.8771043771	0.3393520212	0.8337129841
593	0.8771043771	0.3393296831	0.8337129841
594	0.8754208754	0.3390929071	0.8310502283
595	0.8754208754	0.3389471199	0.8310502283
596	0.8754208754	0.3387857848	0.8310502283
597	0.8754208754	0.3386659156	0.8310502283
598	0.8754208754	0.3386259619	0.8310502283
599	0.8754208754	0.3385524827	0.8310502283
600	0.8754208754	0.3384837051	0.8310502283
601	0.8754208754	0.3382630207	0.8310502283
602	0.8754208754	0.338235811	0.8310502283
603	0.8754208754	0.3381763436	0.8310502283
604	0.8754208754	0.3381602255	0.8310502283
605	0.8754208754	0.3381542975	0.8310502283
606	0.8754208754	0.3380775104	0.8310502283
607	0.8754208754	0.337856586	0.8310502283
608	0.8754208754	0.3377247014	0.8310502283
609	0.8754208754	0.3375004815	0.8310502283
610	0.8754208754	0.3374327716	0.8310502283
611	0.8754208754	0.336929636	0.8310502283
612	0.8754208754	0.3368274739	0.8310502283
613	0.8754208754	0.3367280308	0.8310502283
614	0.8754208754	0.3365547135	0.8310502283
615	0.8754208754	0.3364641879	0.8310502283
616	0.8754208754	0.3363608036	0.8310502283
617	0.8754208754	0.3358281659	0.8310502283
618	0.8771043771	0.3355885519	0.8337129841
619	0.8787878788	0.3354521332	0.8363636364
620	0.8787878788	0.3352750924	0.8363636364
621	0.8787878788	0.3352750823	0.8363636364
622	0.8771043771	0.3347645616	0.8344671202
623	0.8787878788	0.3344911283	0.8363636364
624	0.8787878788	0.3342172161	0.8363636364
625	0.8787878788	0.3341692567	0.8363636364
626	0.8787878788	0.3339854448	0.8363636364
627	0.8787878788	0.3337187201	0.8363636364
628	0.8804713805	0.3335437236	0.8382687927
629	0.8821548822	0.3329659596	0.8401826484
630	0.8821548822	0.3328555877	0.8401826484
631	0.8821548822	0.3328053429	0.8401826484
632	0.8821548822	0.3326635908	0.8401826484
633	0.8821548822	0.3326394791	0.8401826484
634	0.8821548822	0.3326372111	0.8401826484
635	0.8821548822	0.3325023832	0.8401826484
636	0.8821548822	0.3323136832	0.8401826484
637	0.8804713805	0.3321004332	0.8382687927
638	0.8838383838	0.3317121284	0.8428246014
639	0.8838383838	0.331600729	0.8428246014
640	0.8855218855	0.3312565373	0.8447488584
641	0.8855218855	0.3311375831	0.8447488584
642	0.8855218855	0.3311285807	0.8447488584
643	0.8855218855	0.3309321866	0.8447488584
644	0.8855218855	0.3309279265	0.8447488584
645	0.8855218855	0.3306909649	0.8447488584
646	0.8855218855	0.3306496695	0.8447488584
647	0.8855218855	0.3305573523	0.8447488584
648	0.8855218855	0.3305531613	0.8447488584
649	0.8872053872	0.330391022	0.84738041
650	0.8872053872	0.3301147638	0.84738041
651	0.8872053872	0.3299855935	0.84738041
652	0.8872053872	0.3297838904	0.84738041
653	0.8872053872	0.329511504	0.84738041
654	0.8872053872	0.3293502788	0.84738041
655	0.8872053872	0.3291871364	0.84738041
656	0.8872053872	0.3290461012	0.84738041
657	0.8872053872	0.3289087744	0.84738041
658	0.8872053872	0.3286243058	0.84738041
659	0.8872053872	0.3284116155	0.84738041
660	0.8872053872	0.3282506979	0.84738041
661	0.8872053872	0.3281077624	0.84738041
662	0.8872053872	0.3281072969	0.84738041
663	0.8872053872	0.3280236187	0.84738041
664	0.8872053872	0.3278567327	0.84738041
665	0.8872053872	0.3277523215	0.84738041
666	0.8872053872	0.3277319763	0.84738041
667	0.8872053872	0.3275800467	0.84738041
668	0.8872053872	0.327410274	0.84738041
669	0.8872053872	0.3274066973	0.84738041
670	0.8872053872	0.3272905015	0.84738041
671	0.8872053872	0.3272735414	0.84738041
672	0.8872053872	0.3271059127	0.84738041
673	0.8872053872	0.3269812061	0.84738041
674	0.8872053872	0.3266322768	0.84738041
675	0.8888888889	0.3263105647	0.8493150685
676	0.8888888889	0.3262047759	0.8493150685
677	0.8888888889	0.3259390655	0.8493150685
678	0.8888888889	0.3255778278	0.8493150685
679	0.8888888889	0.3251120611	0.8493150685
680	0.8888888889	0.3251114282	0.8493150685
681	0.8888888889	0.3251107989	0.8493150685
682	0.8888888889	0.3249879554	0.8493150685
683	0.8888888889	0.3247221577	0.8493150685
684	0.8888888889	0.3245345497	0.8493150685
685	0.8888888889	0.324521996	0.8493150685
686	0.8888888889	0.3243683594	0.8493150685
687	0.8888888889	0.3239551949	0.8493150685
688	0.8888888889	0.3237151615	0.8493150685
689	0.8888888889	0.3234634424	0.8493150685
690	0.8888888889	0.3233549539	0.8493150685
691	0.8888888889	0.3232312925	0.8493150685
692	0.8888888889	0.3231110427	0.8493150685
693	0.8888888889	0.323013755	0.8493150685
694	0.8888888889	0.3229372286	0.8493150685
695	0.8888888889	0.3228200266	0.8493150685
696	0.8888888889	0.3223574502	0.8493150685
697	0.8888888889	0.3221527508	0.8493150685
698	0.8888888889	0.3220123065	0.8493150685
699	0.8888888889	0.3218639718	0.8493150685
700	0.8888888889	0.3216621997	0.8493150685
701	0.8888888889	0.3212957233	0.8493150685
702	0.8888888889	0.321271488	0.8493150685
703	0.8888888889	0.320744755	0.8493150685
704	0.8872053872	0.3206090641	0.84738041
705	0.8872053872	0.3204929722	0.84738041
706	0.8888888889	0.320081528	0.85
707	0.8888888889	0.3199921109	0.85
708	0.8888888889	0.3199264003	0.85
709	0.8888888889	0.3198055974	0.85
710	0.8888888889	0.3194982899	0.85
711	0.8888888889	0.3192942135	0.85
712	0.8888888889	0.3191964163	0.85
713	0.8905723906	0.3190573672	0.8526077098
714	0.8905723906	0.3190063774	0.8526077098
715	0.8905723906	0.318971647	0.8526077098
716	0.8905723906	0.3188904372	0.8526077098
717	0.8905723906	0.3187296182	0.8526077098
718	0.8905723906	0.3186409167	0.8526077098
719	0.8905723906	0.3185608285	0.8526077098
720	0.8922558923	0.318326419	0.8545454545
721	0.8922558923	0.3182225346	0.8545454545
722	0.8922558923	0.3181226351	0.8545454545
723	0.8922558923	0.3180805899	0.8545454545
724	0.8905723906	0.3177963473	0.8526077098
725	0.8905723906	0.3176902809	0.8526077098
726	0.8888888889	0.3174241084	0.850678733
727	0.8905723906	0.3172979124	0.8526077098
728	0.8905723906	0.3172353308	0.8526077098
729	0.8922558923	0.3168647093	0.8545454545
730	0.8922558923	0.3167052749	0.8545454545
731	0.8939393939	0.3166018063	0.8571428571
732	0.8939393939	0.3165990509	0.8571428571
733	0.8939393939	0.3165295045	0.8571428571
734	0.8939393939	0.3165020605	0.8571428571
735	0.8939393939	0.3162466532	0.8571428571
736	0.8939393939	0.3162055109	0.8571428571
737	0.8922558923	0.3159279423	0.8552036199
738	0.8922558923	0.3157705378	0.8552036199
739	0.8939393939	0.3155161058	0.8571428571
740	0.8939393939	0.3155077143	0.8571428571
741	0.8939393939	0.3154176652	0.8571428571
742	0.8939393939	0.3153044323	0.8571428571
743	0.8939393939	0.3151160869	0.8571428571
744	0.8939393939	0.3148938765	0.8571428571
745	0.8939393939	0.314639914	0.8571428571
746	0.8939393939	0.3145896082	0.8571428571
747	0.8939393939	0.314410792	0.8571428571
748	0.8939393939	0.3143926925	0.8571428571
749	0.8939393939	0.3141045116	0.8571428571
750	0.8939393939	0.3141020238	0.8571428571
751	0.8939393939	0.3140481019	0.8571428571
752	0.8939393939	0.3138744705	0.8571428571
753	0.8939393939	0.3135101907	0.8571428571
754	0.8939393939	0.313295967	0.8571428571
755	0.8939393939	0.3132266315	0.8571428571
756	0.8939393939	0.3131213521	0.8571428571
757	0.8939393939	0.3129197787	0.8571428571
758	0.8939393939	0.3128349138	0.8571428571
759	0.8939393939	0.3127807801	0.8571428571
760	0.8956228956	0.3126507202	0.8590909091
761	0.8939393939	0.3124113119	0.8571428571
762	0.8939393939	0.3123432928	0.8571428571
763	0.8939393939	0.3120941825	0.8571428571
764	0.8939393939	0.3120531421	0.8571428571
765	0.8939393939	0.3118580159	0.8571428571
766	0.8939393939	0.3118515511	0.8571428571
767	0.8939393939	0.3116303825	0.8571428571
768	0.8939393939	0.3115559484	0.8571428571
769	0.8939393939	0.3114977801	0.8571428571
770	0.8939393939	0.3113898574	0.8571428571
771	0.8939393939	0.310979375	0.8571428571
772	0.8939393939	0.3108623553	0.8571428571
773	0.8939393939	0.3107845053	0.8571428571
774	0.8922558923	0.3106095094	0.8545454545
775	0.8922558923	0.3100501711	0.8545454545
776	0.8922558923	0.3099235569	0.8545454545
777	0.8922558923	0.3099182956	0.8545454545
778	0.8922558923	0.309865139	0.8545454545
779	0.8922558923	0.3096749754	0.8545454545
780	0.8922558923	0.3095653641	0.8545454545
781	0.8922558923	0.3094773296	0.8545454545
782	0.8922558923	0.309431508	0.8545454545
783	0.8922558923	0.3093492112	0.8545454545
784	0.8922558923	0.3093426732	0.8545454545
785	0.8922558923	0.3091086771	0.8545454545
786	0.8922558923	0.3090672914	0.8545454545
787	0.8922558923	0.3089532925	0.8545454545
788	0.8922558923	0.3088834765	0.8545454545
789	0.8905723906	0.3087170564	0.8526077098
790	0.8905723906	0.3086793727	0.8526077098
791	0.8905723906	0.3086463027	0.8526077098
792	0.8905723906	0.3085238394	0.8526077098
793	0.8905723906	0.3083275448	0.8526077098
794	0.8905723906	0.308212564	0.8526077098
795	0.8905723906	0.3080652258	0.8526077098
796	0.8905723906	0.3079640843	0.8526077098
797	0.8905723906	0.3076621934	0.8526077098
798	0.8905723906	0.3074973866	0.8526077098
799	0.8905723906	0.3074464289	0.8526077098
800	0.8905723906	0.3073065071	0.8526077098
801	0.8905723906	0.3072554179	0.8526077098
802	0.8905723906	0.307154716	0.8526077098
803	0.8905723906	0.3071208836	0.8526077098
804	0.8905723906	0.3070744929	0.8526077098
805	0.8905723906	0.3069519597	0.8526077098
806	0.8905723906	0.3068337346	0.8526077098
807	0.8905723906	0.3067762757	0.8526077098
808	0.8905723906	0.3066479323	0.8526077098
809	0.8905723906	0.3064147456	0.8526077098
810	0.8905723906	0.3063675068	0.8526077098
811	0.8905723906	0.3063215745	0.8526077098
812	0.8922558923	0.3062586562	0.8552036199
813	0.8922558923	0.3059896487	0.8545454545
814	0.8922558923	0.305966977	0.8545454545
815	0.8922558923	0.3059631509	0.8545454545
816	0.8939393939	0.3058496149	0.8564920273
817	0.8939393939	0.3057913911	0.8564920273
818	0.8956228956	0.3056570771	0.8584474886
819	0.8973063973	0.3055691598	0.861047836
820	0.898989899	0.3053370312	0.8636363636
821	0.8956228956	0.3051157636	0.8584474886
822	0.8956228956	0.3050216286	0.8590909091
823	0.8956228956	0.3048895529	0.8590909091
824	0.8956228956	0.3044862732	0.8590909091
825	0.8956228956	0.3041699137	0.8590909091
826	0.8956228956	0.3039475611	0.8590909091
827	0.8956228956	0.3038784014	0.8590909091
828	0.8939393939	0.3037240704	0.8564920273
829	0.8939393939	0.3036936124	0.8564920273
830	0.8939393939	0.3036296098	0.8564920273
831	0.8939393939	0.3035689597	0.8564920273
832	0.8973063973	0.3033596823	0.8616780045
833	0.8973063973	0.3032010722	0.8616780045
834	0.898989899	0.3030075302	0.8636363636
835	0.898989899	0.3029021721	0.8636363636
836	0.8973063973	0.3028451227	0.8616780045
837	0.898989899	0.3025397501	0.8636363636
838	0.898989899	0.3024770829	0.8636363636
839	0.898989899	0.3023739926	0.8630136986
840	0.9006734007	0.3019852436	0.8649885584
841	0.898989899	0.3019401701	0.8630136986
842	0.9023569024	0.3016750316	0.8669724771
843	0.9006734007	0.3016201219	0.8643678161
844	0.9006734007	0.3015862636	0.8643678161
845	0.898989899	0.3015194797	0.8623853211
846	0.898989899	0.3014941308	0.8623853211
847	0.8973063973	0.301421713	0.8604118993
848	0.8973063973	0.3013444316	0.8604118993
849	0.898989899	0.3013046491	0.8623853211
850	0.898989899	0.3011617627	0.8623853211
851	0.898989899	0.3009192819	0.8623853211
852	0.898989899	0.3007467586	0.8623853211
853	0.898989899	0.3005529627	0.8623853211
854	0.898989899	0.3004650894	0.8623853211
855	0.898989899	0.3002098886	0.8623853211
856	0.898989899	0.3001291796	0.8623853211
857	0.898989899	0.3000332568	0.8623853211
858	0.898989899	0.299985721	0.8623853211
859	0.898989899	0.2999455753	0.8623853211
860	0.9006734007	0.2996630585	0.8649885584
861	0.9006734007	0.2995370207	0.8649885584
862	0.9006734007	0.2994846772	0.8649885584
863	0.9006734007	0.2994421989	0.8649885584
864	0.9023569024	0.2991639546	0.8669724771
865	0.9023569024	0.2989625131	0.8669724771
866	0.9023569024	0.2988840229	0.8669724771
867	0.9023569024	0.2986244862	0.8669724771
868	0.9023569024	0.2985087219	0.8669724771
869	0.9023569024	0.2983739285	0.8669724771
870	0.9023569024	0.298080067	0.8669724771
871	0.9023569024	0.2980174747	0.8669724771
872	0.9023569024	0.297978442	0.8669724771
873	0.9023569024	0.2977853821	0.8669724771
874	0.9023569024	0.2976642666	0.8669724771
875	0.9023569024	0.2976165806	0.8669724771
876	0.9023569024	0.2974242053	0.8669724771
877	0.9023569024	0.2972958479	0.8669724771
878	0.9023569024	0.2972707149	0.8669724771
879	0.9023569024	0.2972234471	0.8669724771
880	0.9023569024	0.2971174005	0.8669724771
881	0.9023569024	0.2968697409	0.8669724771
882	0.9023569024	0.2966932296	0.8669724771
883	0.9023569024	0.2963613724	0.8669724771
884	0.9023569024	0.2962486819	0.8669724771
885	0.9023569024	0.2962041836	0.8669724771
886	0.9023569024	0.2960939721	0.8669724771
887	0.9023569024	0.2960825657	0.8669724771
888	0.9023569024	0.2958347905	0.8669724771
889	0.9023569024	0.2957413426	0.8669724771
890	0.9023569024	0.2956323979	0.8669724771
891	0.9023569024	0.2953218182	0.8669724771
892	0.9023569024	0.2952618468	0.8669724771
893	0.9023569024	0.2950686447	0.8669724771
894	0.9023569024	0.2949929923	0.8669724771
895	0.9023569024	0.2949075995	0.8669724771
896	0.9023569024	0.2948969465	0.8669724771
897	0.9023569024	0.2948468352	0.8669724771
898	0.9023569024	0.2947770229	0.8669724771
899	0.9023569024	0.294723837	0.8669724771
900	0.9023569024	0.2944970625	0.8669724771
901	0.9023569024	0.2942096482	0.8669724771
902	0.9023569024	0.2941764556	0.8669724771
903	0.9023569024	0.2940393349	0.8669724771
904	0.9023569024	0.2940266683	0.8669724771
905	0.9023569024	0.2938961992	0.8669724771
906	0.9023569024	0.2937928338	0.8669724771
907	0.9006734007	0.293567675	0.8649885584
908	0.9006734007	0.2935218788	0.8649885584
909	0.9006734007	0.2933815329	0.8649885584
910	0.9006734007	0.293284341	0.8649885584
911	0.9006734007	0.2930852705	0.8649885584
912	0.9006734007	0.2926276282	0.8649885584
913	0.9006734007	0.292557973	0.8649885584
914	0.9006734007	0.2925019795	0.8649885584
915	0.9006734007	0.2924533287	0.8649885584
916	0.9023569024	0.2922378696	0.8675799087
917	0.9006734007	0.2921577625	0.8649885584
918	0.9006734007	0.2920175874	0.8649885584
919	0.9023569024	0.2918027797	0.8675799087
920	0.9023569024	0.291714727	0.8675799087
921	0.9023569024	0.2915592586	0.8675799087
922	0.9023569024	0.2915012519	0.8675799087
923	0.904040404	0.2913400961	0.8695652174
924	0.904040404	0.2911750023	0.8695652174
925	0.904040404	0.2910150079	0.8695652174
926	0.9023569024	0.2903174242	0.8669724771
927	0.9023569024	0.2902595067	0.8669724771
928	0.9023569024	0.2902194249	0.8669724771
929	0.9023569024	0.2900416246	0.8669724771
930	0.9023569024	0.2899698245	0.8669724771
931	0.9023569024	0.2899237647	0.8669724771
932	0.904040404	0.2898867807	0.8695652174
933	0.904040404	0.2898810299	0.8695652174
934	0.904040404	0.2898659357	0.8695652174
935	0.904040404	0.2898032741	0.8695652174
936	0.9023569024	0.2897124298	0.8669724771
937	0.9023569024	0.289662379	0.8669724771
938	0.904040404	0.289192594	0.8689655172
939	0.904040404	0.289097335	0.8689655172
940	0.904040404	0.2889562429	0.8689655172
941	0.904040404	0.2887999214	0.8689655172
942	0.904040404	0.2886250175	0.8689655172
943	0.904040404	0.2885723503	0.8689655172
944	0.904040404	0.2884740159	0.8689655172
945	0.904040404	0.2883319712	0.8689655172
946	0.904040404	0.2881837494	0.8689655172
947	0.904040404	0.2881197622	0.8689655172
948	0.904040404	0.2879359304	0.8689655172
949	0.904040404	0.2878446567	0.8689655172
950	0.904040404	0.287703789	0.8689655172
951	0.904040404	0.2876739992	0.8689655172
952	0.904040404	0.2872940704	0.8689655172
953	0.904040404	0.2871490357	0.8689655172
954	0.904040404	0.2870392651	0.8689655172
955	0.904040404	0.2870054982	0.8689655172
956	0.904040404	0.2869871864	0.8689655172
957	0.904040404	0.2867469579	0.8689655172
958	0.904040404	0.2866531846	0.8689655172
959	0.904040404	0.2865685006	0.8689655172
960	0.904040404	0.2865077237	0.8689655172
961	0.904040404	0.2864429878	0.8689655172
962	0.904040404	0.2864409667	0.8689655172
963	0.904040404	0.2863740735	0.8689655172
964	0.904040404	0.2862689215	0.8689655172
965	0.904040404	0.286118769	0.8689655172
966	0.904040404	0.2856593865	0.8689655172
967	0.904040404	0.2855920453	0.8689655172
968	0.904040404	0.2854548386	0.8689655172
969	0.904040404	0.2853496332	0.8689655172
970	0.904040404	0.2851790562	0.8689655172
971	0.904040404	0.2850561084	0.8689655172
972	0.904040404	0.2850001525	0.8689655172
973	0.904040404	0.2848910197	0.8689655172
974	0.904040404	0.2848069372	0.8689655172
975	0.904040404	0.2846824571	0.8689655172
976	0.904040404	0.2842575345	0.8689655172
977	0.904040404	0.2841217675	0.8689655172
978	0.904040404	0.284102007	0.8689655172
979	0.904040404	0.2840952307	0.8689655172
980	0.904040404	0.284068821	0.8689655172
981	0.904040404	0.284015152	0.8689655172
982	0.904040404	0.2838896493	0.8689655172
983	0.904040404	0.283862124	0.8689655172
984	0.9057239057	0.2835852314	0.871559633
985	0.9057239057	0.2835530195	0.871559633
986	0.9057239057	0.283388287	0.871559633
987	0.9057239057	0.2833286191	0.871559633
988	0.9057239057	0.2832247924	0.871559633
989	0.9057239057	0.2831235368	0.871559633
990	0.9057239057	0.282990237	0.871559633
991	0.9057239057	0.2828081855	0.871559633
992	0.9057239057	0.2827574134	0.871559633
993	0.9057239057	0.2826942477	0.871559633
994	0.9057239057	0.2826463456	0.871559633
995	0.9057239057	0.2823049833	0.871559633
996	0.9057239057	0.2821542074	0.871559633
997	0.9057239057	0.2820822867	0.871559633
998	0.9057239057	0.2819181202	0.871559633
999	0.9057239057	0.2818880845	0.871559633
9158	0.2608831597	0.8996	0.9074996	0.9158249158	0.2605666657	0.8997	0.9074997	0.9158249158	0.260425271	0.88998	0.907998	0.9158249158	0.2603818542	0.88999	0.909999	0.9158249158	0.2602063251	0.8863636364
